URL,Last crawled
https://terrawhisper.com/preparations/tinctures/angelica-sinensis.html,2025-09-16
https://terrawhisper.com/herbs/catharanthus-roseus/medicine/preparations.html,2025-09-16
https://terrawhisper.com/herbs/tapinanthus-macrosolen.html,2025-09-16
https://terrawhisper.com/herbs/moringa-oleifera/medicine/preparations.html,2025-09-16
https://terrawhisper.com/herbs/canthium-horizontale.html,2025-09-16
https://terrawhisper.com/herbs/tapinanthus-eminii.html,2025-09-16
https://terrawhisper.com/remedies/reproductive-system/erectile-disfunction/essential-oils.html,2025-09-16
https://terrawhisper.com/preparations/tinctures/verbascum-thapsus.html,2025-09-16
https://terrawhisper.com/preparations/creams/calendula-officinalis.html,2025-09-16
https://terrawhisper.com/herbs/gymnadeniopsis-nivea.html,2025-09-16
https://terrawhisper.com/herbs/pergularia-extensa/medicine/constituents.html,2025-09-16
https://terrawhisper.com/herbs/mariscus-seemannianus.html,2025-09-15
https://terrawhisper.com/herbs/phyllanthus-montanus.html,2025-09-15
https://terrawhisper.com/preparations/teas/zingiber-officinale.html,2025-09-15
https://terrawhisper.com/herbalism/tea/flat-tummy.html,2025-09-15
https://terrawhisper.com/preparations/tinctures/glycyrrhiza-glabra.html,2025-09-15
https://terrawhisper.com/herbs/duthiea-senegalensis.html,2025-09-15
https://terrawhisper.com/preparations/creams/salvia-miltiorrhiza.html,2025-09-15
https://terrawhisper.com/preparations/essential-oils/salvia-miltiorrhiza.html,2025-09-15
https://terrawhisper.com/preparations/decoctions/silybum-marianum.html,2025-09-15
https://terrawhisper.com/herbalism/tea/indigestion.html,2025-09-15
https://terrawhisper.com/herbalism/tea/respiratory-system/sinus-headache.html,2025-09-13
https://terrawhisper.com/preparations/linctuses/silybum-marianum.html,2025-09-13
https://terrawhisper.com/herbs/ranunculus-dalechanensis.html,2025-09-10
https://terrawhisper.com/herbs/viguiera-ensifolia.html,2025-09-09
https://terrawhisper.com/herbs/tetrapleura-tetraptera/medicine/benefits.html,2025-09-09
https://terrawhisper.com/herbs/odicardis-simensis.html,2025-09-08
https://terrawhisper.com/herbs/maprounea-gracilis.html,2025-09-08
https://terrawhisper.com/herbs/pavetta-melanochroa.html,2025-09-08
https://terrawhisper.com/herbs/catha-edulis/medicine/preparations.html,2025-09-07
https://terrawhisper.com/herbs/glycyrrhiza-lepidota/medicine/preparations.html,2025-09-07
https://terrawhisper.com/herbs/convallaria-majalis/medicine/preparations.html,2025-09-06
https://terrawhisper.com/herbs/solanum-dulcamara/medicine/preparations.html,2025-09-05
https://terrawhisper.com/herbs/cola-nitida/medicine/benefits.html,2025-09-04
https://terrawhisper.com/herbs/tragacantha-macroptera.html,2025-09-04
https://terrawhisper.com/herbs/verbena-officinalis/medicine/preparations.html,2025-09-03
https://terrawhisper.com/herbs/cissus-quadrangularis/medicine/preparations.html,2025-09-02
https://terrawhisper.com/herbs/gloriosa-superba/medicine/preparations.html,2025-09-01
https://terrawhisper.com/herbs/hoodia-gordonii/medicine/preparations.html,2025-09-01
https://terrawhisper.com/herbs/diospyros-kaki/medicine/preparations.html,2025-09-01
https://terrawhisper.com/herbs/sanguisorba-canadensis/medicine/preparations.html,2025-09-01
https://terrawhisper.com/herbs/albizia-lebbeck/medicine/preparations.html,2025-09-01
https://terrawhisper.com/herbalism/tea/other-systems/flat-tummy.html,2025-08-31
https://terrawhisper.com/herbs/clematis-armandii/medicine/preparations.html,2025-08-31
https://terrawhisper.com/herbs/fragaria-vesca/medicine/preparations.html,2025-08-31
https://terrawhisper.com/remedies/musculoskeletal-system/joint-pain/teas.html,2025-08-30
https://terrawhisper.com/remedies/respiratory-system/colds/teas.html,2025-08-30
https://terrawhisper.com/herbs/populus-tremuloides/medicine/preparations.html,2025-08-30
https://terrawhisper.com/herbs/polygala-vulgaris/medicine/preparations.html,2025-08-30
https://terrawhisper.com/herbs/bellis-perennis/medicine/preparations.html,2025-08-30
https://terrawhisper.com/herbs/gongronema-gazense.html,2025-08-28
https://terrawhisper.com/herbs/combretum-littoreum.html,2025-08-27
https://terrawhisper.com/herbalism/tea/alertness.html,2025-08-22
https://terrawhisper.com/remedies/integumentary-system/sunburn/teas.html,2025-08-22
https://terrawhisper.com/herbalism/tea/nervous-system/ear-blockage.html,2025-08-20
https://terrawhisper.com/herbs/astragalus-al-hamedensis/medicine/preparations.html,2025-08-18
https://terrawhisper.com/remedies/integumentary-system/ingrown-toenail/creams.html,2025-08-17
https://terrawhisper.com/herbs/combretum-longispicatum.html,2025-08-16
https://terrawhisper.com/herbs/cupressus-sempervirens/medicine/preparations.html,2025-08-14
https://terrawhisper.com/herbs/codonoboea-kolokensis.html,2025-08-13
https://terrawhisper.com/herbs/rinorea-deflexa.html,2025-08-10
https://terrawhisper.com/herbs/trichipteris-phalerata.html,2025-08-10
https://terrawhisper.com/herbs/siphonella-nuttallii.html,2025-08-08
https://terrawhisper.com/herbs/pterocarpus.html,2025-08-08
https://terrawhisper.com/herbs/hibiscus-purpurascens.html,2025-08-07
https://terrawhisper.com/herbs/neoachmandra-gilletii.html,2025-08-07
https://terrawhisper.com/herbs/stadtmannia-sideroxylon.html,2025-08-06
https://terrawhisper.com/herbs/cyclosorus-repandus.html,2025-08-06
https://terrawhisper.com/herbs/faramea-stipulacea.html,2025-08-06
https://terrawhisper.com/herbs/selaginella-philipsonii.html,2025-08-06
https://terrawhisper.com/herbalism/tea/digestive-system/queasy-stomach.html,2025-08-06
https://terrawhisper.com/herbs/canthium-longistylum.html,2025-08-05
https://terrawhisper.com/herbs/parafaujasia-fontinalis.html,2025-08-05
https://terrawhisper.com/herbs/blakwellia-foetida.html,2025-08-05
https://terrawhisper.com/herbs/rosa-haringiana.html,2025-08-04
https://terrawhisper.com/herbs/bumelia-punctata.html,2025-08-04
https://terrawhisper.com/herbs/anthocleista-longifolia.html,2025-08-04
https://terrawhisper.com/herbs/tragacantha-parviceps.html,2025-08-04
https://terrawhisper.com/herbs/mariscus-cearaensis.html,2025-08-04
https://terrawhisper.com/herbs/cyclosorus-×-rolandii.html,2025-08-04
https://terrawhisper.com/herbs/aylostera-tafnaensis.html,2025-08-03
https://terrawhisper.com/herbs/rubus-gigantiflorus.html,2025-08-03
https://terrawhisper.com/herbs/cyphomandra-hartwegii.html,2025-08-03
https://terrawhisper.com/herbs/cephaelis-debeauxii.html,2025-08-03
https://terrawhisper.com/herbs/bryophyllum-peltatum.html,2025-08-03
https://terrawhisper.com/herbs/antimima-sobrina.html,2025-08-02
https://terrawhisper.com/herbs/anthericum-krauseanum.html,2025-08-02
https://terrawhisper.com/herbs/tapinanthus-cornetii.html,2025-08-02
https://terrawhisper.com/herbs/grazielia-anethifolia.html,2025-08-02
https://terrawhisper.com/herbs/hybanthus-latifolius.html,2025-08-02
https://terrawhisper.com/herbs/astracantha-spectabilis.html,2025-08-01
https://terrawhisper.com/herbs/chaetostachydium.html,2025-08-01
https://terrawhisper.com/herbs/sphaeropteris-brunei.html,2025-07-31
https://terrawhisper.com/herbs/stenanthera-gabonensis.html,2025-07-31
https://terrawhisper.com/herbs/nilgirianthus-membranaceus.html,2025-07-31
https://terrawhisper.com/herbs/mariscus-tomaiophyllus.html,2025-07-31
https://terrawhisper.com/herbs/cirrhopetalum-sibuyanense.html,2025-07-31
https://terrawhisper.com/herbs/humboltia-pachyphylla.html,2025-07-31
https://terrawhisper.com/herbs/brachycorythis-pumilio.html,2025-07-31
https://terrawhisper.com/herbs/pyrgophyllum-yunnanense.html,2025-07-30
https://terrawhisper.com/herbs/stapletonia-arunachalensis.html,2025-07-30
https://terrawhisper.com/remedies/respiratory-system/hoarse-voice/tinctures.html,2025-07-28
https://terrawhisper.com/herbs/panax-quinquefolium/medicine/preparations.html,2025-07-28
https://terrawhisper.com/herbs/sporobolus-airoides.html,2025-07-27
https://terrawhisper.com/herbs/ceratochloa-sitchensis.html,2025-07-27
https://terrawhisper.com/herbs/bryonopsis-laciniosa.html,2025-07-27
https://terrawhisper.com/herbs/bolbitis-heteroclita.html,2025-07-27
https://terrawhisper.com/herbs/fraxinus-excelsior/medicine/preparations.html,2025-07-27
https://terrawhisper.com/herbs/apodolirion-buchananii.html,2025-07-27
https://terrawhisper.com/herbs/alnus-glutinosa.html,2025-07-27
https://terrawhisper.com/herbs/labatia-beaurepairei.html,2025-07-27
https://terrawhisper.com/herbs/hoarea-incrassata.html,2025-07-27
https://terrawhisper.com/herbs/cyclosorus-berroi.html,2025-07-27
https://terrawhisper.com/herbs/piper-subglabrilimbum.html,2025-07-27
https://terrawhisper.com/herbs/limonium-pigadiense.html,2025-07-27
https://terrawhisper.com/herbs/eulalia-speciosa.html,2025-07-27
https://terrawhisper.com/herbs/teucrium-polium.html,2025-07-27
https://terrawhisper.com/herbs/triodoglossum-abyssinicum.html,2025-07-27
https://terrawhisper.com/herbs/pouteria-garberi.html,2025-07-27
https://terrawhisper.com/herbs/maxillaria-szlachetkoi.html,2025-07-27
https://terrawhisper.com/herbs/schilleria-caudata.html,2025-07-27
https://terrawhisper.com/herbs/pilosella-floccipeduncula.html,2025-07-27
https://terrawhisper.com/herbs/taxanthema-scoparium.html,2025-07-27
https://terrawhisper.com/herbs/syzygium-pachysarcum.html,2025-07-27
https://terrawhisper.com/herbs/vachellia-bricchettiana.html,2025-07-27
https://terrawhisper.com/herbs/pinalia-trilophota.html,2025-07-27
https://terrawhisper.com/herbs/huperzia-whitfordii.html,2025-07-27
https://terrawhisper.com/herbs/cladobium-epiphytum.html,2025-07-27
https://terrawhisper.com/herbs/uragoga-wettsteiniana.html,2025-07-27
https://terrawhisper.com/herbs/tellima-trifida.html,2025-07-27
https://terrawhisper.com/herbs/alpinia-melanocarpa.html,2025-07-27
https://terrawhisper.com/herbs/cyperus-kanarensis.html,2025-07-27
https://terrawhisper.com/herbs/houssayanthus-monogynus.html,2025-07-27
https://terrawhisper.com/herbs/lastrea-rivulorum.html,2025-07-27
https://terrawhisper.com/herbs/pennisetum-cenchroides.html,2025-07-27
https://terrawhisper.com/herbs/fagara-venenifica.html,2025-07-27
https://terrawhisper.com/herbs/gaultheria-cinnamomifolia.html,2025-07-27
https://terrawhisper.com/herbs/hippophae-sinensis.html,2025-07-27
https://terrawhisper.com/herbs/scolymocephalus-melaleucus.html,2025-07-27
https://terrawhisper.com/herbs/dendrophthoe-gaudichaudii.html,2025-07-26
https://terrawhisper.com/herbs/edritria-recurva.html,2025-07-26
https://terrawhisper.com/herbs/matelea-castanea.html,2025-07-26
https://terrawhisper.com/herbs/allantodia-bella.html,2025-07-26
https://terrawhisper.com/herbs/andrographis-paniculat/medicine/constituents.html,2025-07-26
https://terrawhisper.com/herbs/agrostemma-laetum.html,2025-07-26
https://terrawhisper.com/herbs/majorana-dubia.html,2025-07-26
https://terrawhisper.com/herbs/mertensia-vestita.html,2025-07-26
https://terrawhisper.com/herbs/dionysia-bornmuelleri.html,2025-07-26
https://terrawhisper.com/herbs/coelogyne-tortilis.html,2025-07-26
https://terrawhisper.com/herbs/schefflera-jauaensis.html,2025-07-26
https://terrawhisper.com/herbs/alyxia-caletioides.html,2025-07-26
https://terrawhisper.com/herbs/dolichothele-baumii.html,2025-07-26
https://terrawhisper.com/herbs/moehringia-trinervia.html,2025-07-26
https://terrawhisper.com/herbs/rosa-centifolia/medicine/preparations.html,2025-07-26
https://terrawhisper.com/herbs/ascochilus-fasciculatus.html,2025-07-26
https://terrawhisper.com/herbs/nonea-obtusifolia.html,2025-07-26
https://terrawhisper.com/herbs/echinofossulocactus-pentacanthus.html,2025-07-26
https://terrawhisper.com/herbs/prunus-integrifolia.html,2025-07-26
https://terrawhisper.com/herbs/cercodia-prostrata.html,2025-07-26
https://terrawhisper.com/herbs/cornus-instolonea.html,2025-07-26
https://terrawhisper.com/herbs/fernandoa-bracteata.html,2025-07-26
https://terrawhisper.com/herbs/erythrophleum-teysmannii.html,2025-07-26
https://terrawhisper.com/herbs/drimys-roraimensis.html,2025-07-26
https://terrawhisper.com/herbs/adyseton-argenteum.html,2025-07-26
https://terrawhisper.com/herbs/cynara-cardunculus.html,2025-07-26
https://terrawhisper.com/herbs/dichodon-davuricum.html,2025-07-26
https://terrawhisper.com/herbs/mollugophytum-crassifolium.html,2025-07-26
https://terrawhisper.com/herbs/epipactis-varians.html,2025-07-26
https://terrawhisper.com/herbs/aldasorea-goochiae.html,2025-07-26
https://terrawhisper.com/herbs/eremogone-oosepala.html,2025-07-26
https://terrawhisper.com/herbs/elaeagnus-magna.html,2025-07-26
https://terrawhisper.com/herbs/phellopterus-bulbosus.html,2025-07-26
https://terrawhisper.com/herbs/otostegia-schimperi.html,2025-07-26
https://terrawhisper.com/herbs/acinodendron-pileatum.html,2025-07-26
https://terrawhisper.com/herbs/dolichandrone-lutea.html,2025-07-26
https://terrawhisper.com/herbs/harmsia-lepidota.html,2025-07-26
https://terrawhisper.com/herbs/asparagopsis-sarmentosa.html,2025-07-26
https://terrawhisper.com/herbs/festuca-brunnescens.html,2025-07-26
https://terrawhisper.com/herbs/rubus-caesius-microgene-sabulosus.html,2025-07-26
https://terrawhisper.com/herbs/alectorolophus-heribaudii.html,2025-07-26
https://terrawhisper.com/herbs/lindsaea-pacifica.html,2025-07-26
https://terrawhisper.com/herbs/rhaphidorhynchus-kotschyi.html,2025-07-26
https://terrawhisper.com/herbs/ageratina-glandulifera.html,2025-07-26
https://terrawhisper.com/herbs/chamaesyce-centralis.html,2025-07-26
https://terrawhisper.com/herbs/matucana-madisoniorum.html,2025-07-26
https://terrawhisper.com/herbs/nothoscordum-bivalve.html,2025-07-26
https://terrawhisper.com/herbs/crocodeilanthe-cyathiflora.html,2025-07-26
https://terrawhisper.com/herbs/lomariocycas-yungensis.html,2025-07-26
https://terrawhisper.com/herbs/lasiocephalus-otophorus.html,2025-07-26
https://terrawhisper.com/herbs/neanotis-hohenackeri.html,2025-07-26
https://terrawhisper.com/herbs/pseudowolffia-monodii.html,2025-07-26
https://terrawhisper.com/herbs/trichodrymonia-pedunculata.html,2025-07-26
https://terrawhisper.com/herbs/hippomarathrum-libanotis.html,2025-07-26
https://terrawhisper.com/herbs/panmorphia-herpethophyton.html,2025-07-26
https://terrawhisper.com/herbs/genista-stipulacea.html,2025-07-26
https://terrawhisper.com/herbs/poecilopteris-scandens.html,2025-07-26
https://terrawhisper.com/herbs/terminalia-arjuna/medicine/benefits.html,2025-07-26
https://terrawhisper.com/herbs/asclepias-dependens.html,2025-07-26
https://terrawhisper.com/herbs/rudbeckia-hirta.html,2025-07-26
https://terrawhisper.com/herbs/nanophyton-acutum.html,2025-07-26
https://terrawhisper.com/herbs/sorghum-schimperi.html,2025-07-26
https://terrawhisper.com/herbs/retzia-campanuloides.html,2025-07-26
https://terrawhisper.com/herbs/argyranthemum-pinnatifidum.html,2025-07-26
https://terrawhisper.com/herbs/wahlenbergia-nodosa.html,2025-07-26
https://terrawhisper.com/herbs/vitis-brevipedunculata.html,2025-07-26
https://terrawhisper.com/herbs/elymus-barbicallus.html,2025-07-26
https://terrawhisper.com/herbs/tectaria-gaboonensis.html,2025-07-26
https://terrawhisper.com/herbs/peckia-boissieri.html,2025-07-26
https://terrawhisper.com/herbs/montiopsis-cistiflora.html,2025-07-26
https://terrawhisper.com/herbs/gastrodia-elata/medicine/benefits.html,2025-07-26
https://terrawhisper.com/herbs/juno-cycloglossa.html,2025-07-26
https://terrawhisper.com/herbs/canarium-strictum.html,2025-07-26
https://terrawhisper.com/herbs/protohopea-tinctoria.html,2025-07-26
https://terrawhisper.com/herbs/lockhartia-longifolia.html,2025-07-26
https://terrawhisper.com/herbs/aldama-iltisii.html,2025-07-26
https://terrawhisper.com/herbs/nepeta-cataria/medicine/benefits.html,2025-07-26
https://terrawhisper.com/herbs/epacris-decumbens.html,2025-07-26
https://terrawhisper.com/herbs/ripidium-kanashiroi.html,2025-07-26
https://terrawhisper.com/herbs/chionochloa-frigida.html,2025-07-26
https://terrawhisper.com/herbs/ageratina-iodotricha.html,2025-07-26
https://terrawhisper.com/herbs/arenaria-godfreyi.html,2025-07-26
https://terrawhisper.com/herbs/haemax-massonii.html,2025-07-26
https://terrawhisper.com/herbs/hedlundia-motleyi.html,2025-07-26
https://terrawhisper.com/herbs/pappostipa-ibarii.html,2025-07-26
https://terrawhisper.com/herbs/ludwigia-angustifolia.html,2025-07-26
https://terrawhisper.com/herbs/kinostemon-ornatus.html,2025-07-26
https://terrawhisper.com/herbs/hemichaena-coulteri.html,2025-07-26
https://terrawhisper.com/herbs/phalangium-praemorsum.html,2025-07-26
https://terrawhisper.com/herbs/neurocallis-lomarioides.html,2025-07-26
https://terrawhisper.com/herbs/elatostema-peltifolium.html,2025-07-26
https://terrawhisper.com/herbs/ricinocarpus-firmulus.html,2025-07-26
https://terrawhisper.com/herbs/ramium-zollingerianum.html,2025-07-26
https://terrawhisper.com/herbs/elymus-glabriflorus.html,2025-07-26
https://terrawhisper.com/herbs/leucopogon-kingianus.html,2025-07-26
https://terrawhisper.com/herbs/lappula-transalaica.html,2025-07-26
https://terrawhisper.com/herbs/coleus-diversus.html,2025-07-26
https://terrawhisper.com/herbs/aechmea-lingulata.html,2025-07-26
https://terrawhisper.com/herbs/pellaea-andromedifolia.html,2025-07-26
https://terrawhisper.com/herbs/conringia-austriaca.html,2025-07-26
https://terrawhisper.com/herbs/×-toisochosenia-kamikotica.html,2025-07-26
https://terrawhisper.com/herbs/laburnum-nigricans.html,2025-07-26
https://terrawhisper.com/herbs/sinocalamus-affinis.html,2025-07-26
https://terrawhisper.com/herbs/coleus-sallyae.html,2025-07-26
https://terrawhisper.com/herbs/pediomelum-argophyllum.html,2025-07-26
https://terrawhisper.com/herbs/diospyros-thorelii.html,2025-07-26
https://terrawhisper.com/herbs/sphaerostephanos-cataractorum.html,2025-07-26
https://terrawhisper.com/herbs/madhuca-brochidodroma.html,2025-07-26
https://terrawhisper.com/herbs/friesodielsia-alpina.html,2025-07-26
https://terrawhisper.com/herbs/dipcadi-umbonatum.html,2025-07-26
https://terrawhisper.com/herbs/dichaea-trichocarpa.html,2025-07-26
https://terrawhisper.com/herbs/ranunculus-weberbaueri.html,2025-07-26
https://terrawhisper.com/herbs/symphonia-microphylla.html,2025-07-26
https://terrawhisper.com/herbs/hyospathe-amaricaulis.html,2025-07-26
https://terrawhisper.com/herbs/anathallis-pidax.html,2025-07-26
https://terrawhisper.com/herbs/cactus-imbricatus.html,2025-07-26
https://terrawhisper.com/herbs/zygopetalum-placantherum.html,2025-07-26
https://terrawhisper.com/herbs/victoria-trickeri.html,2025-07-26
https://terrawhisper.com/herbs/shorea-robusta/medicine/side-effects.html,2025-07-26
https://terrawhisper.com/herbs/hovea-elliptica.html,2025-07-26
https://terrawhisper.com/herbs/dryopteris-lepidocaulis.html,2025-07-26
https://terrawhisper.com/herbs/tithymalus-volgensis.html,2025-07-26
https://terrawhisper.com/herbs/cymodocea-antarctica.html,2025-07-26
https://terrawhisper.com/herbs/passiflora-hahnii.html,2025-07-26
https://terrawhisper.com/herbs/angorkis-cryptodon.html,2025-07-26
https://terrawhisper.com/herbs/ectasis-turgida.html,2025-07-26
https://terrawhisper.com/herbs/mucoa-pantchenkoana.html,2025-07-26
https://terrawhisper.com/herbs/goodenia-heppleana.html,2025-07-26
https://terrawhisper.com/herbs/villocuspis-januariensis.html,2025-07-26
https://terrawhisper.com/herbs/dichopsis-gutta.html,2025-07-26
https://terrawhisper.com/herbs/afrohybanthus-latifolius.html,2025-07-26
https://terrawhisper.com/herbs/nageia-mannii.html,2025-07-26
https://terrawhisper.com/herbs/buddleja-officinalis.html,2025-07-26
https://terrawhisper.com/herbs/tadehagi.html,2025-07-26
https://terrawhisper.com/herbs/guzmania-ekmanii.html,2025-07-26
https://terrawhisper.com/herbs/beta-vulgaris/medicine/constituents.html,2025-07-26
https://terrawhisper.com/herbs/evaiezoa-mutata.html,2025-07-26
https://terrawhisper.com/herbs/diplazium-ribae.html,2025-07-26
https://terrawhisper.com/herbs/ampliglossum-mandonii.html,2025-07-26
https://terrawhisper.com/herbs/kohautia-kimuenzae.html,2025-07-26
https://terrawhisper.com/herbs/tragacantha-alidaghensis.html,2025-07-26
https://terrawhisper.com/herbs/oligosporus-monospermus.html,2025-07-26
https://terrawhisper.com/herbs/nezera-compacta.html,2025-07-26
https://terrawhisper.com/herbs/arachniodes-maximowiczii.html,2025-07-26
https://terrawhisper.com/herbs/smeathmannia-illustris.html,2025-07-26
https://terrawhisper.com/herbs/uvaria-modesta.html,2025-07-26
https://terrawhisper.com/herbs/xantolis-hookeri.html,2025-07-26
https://terrawhisper.com/herbs/axonopus-plumosus.html,2025-07-26
https://terrawhisper.com/herbs/nenuphar-advena.html,2025-07-26
https://terrawhisper.com/herbs/myosotis-tuxeniana.html,2025-07-26
https://terrawhisper.com/herbs/paracaryum-paphlagonicum.html,2025-07-26
https://terrawhisper.com/herbs/chingia-perrigida.html,2025-07-26
https://terrawhisper.com/herbs/cynanchum-mandschuricum.html,2025-07-26
https://terrawhisper.com/herbs/dactyliophora-thespesiae.html,2025-07-26
https://terrawhisper.com/herbs/lactuca-oyukludaghensis.html,2025-07-26
https://terrawhisper.com/herbs/euploca-brachygyne.html,2025-07-26
https://terrawhisper.com/herbs/stimenes-gracilis.html,2025-07-26
https://terrawhisper.com/herbs/vatica-patula.html,2025-07-26
https://terrawhisper.com/herbs/sphaerospora-flexuosa.html,2025-07-26
https://terrawhisper.com/herbs/ruellia-lanatoviscosa.html,2025-07-26
https://terrawhisper.com/herbs/mentha-mollis.html,2025-07-26
https://terrawhisper.com/herbs/achnatherum-caragana.html,2025-07-26
https://terrawhisper.com/herbs/acourtia-fruticosa.html,2025-07-26
https://terrawhisper.com/herbs/atitara-oligacantha.html,2025-07-26
https://terrawhisper.com/herbs/potentilla-×-pumila.html,2025-07-26
https://terrawhisper.com/herbs/angraecum-cufodontii.html,2025-07-26
https://terrawhisper.com/herbs/agastache-nepetoides/medicine/benefits.html,2025-07-26
https://terrawhisper.com/herbs/psorobatus-megacarpus.html,2025-07-26
https://terrawhisper.com/herbs/schlumbergera-truncata.html,2025-07-26
https://terrawhisper.com/herbs/anathallis-bocainensis.html,2025-07-26
https://terrawhisper.com/herbs/cyrtochilum-loxense.html,2025-07-26
https://terrawhisper.com/herbs/calathiana-bavarica.html,2025-07-26
https://terrawhisper.com/herbs/prinos-deciduus.html,2025-07-26
https://terrawhisper.com/herbs/trixis-patens.html,2025-07-26
https://terrawhisper.com/herbs/pleione-carnea.html,2025-07-26
https://terrawhisper.com/herbs/tribulus-ochroleucus.html,2025-07-26
https://terrawhisper.com/herbs/gerbera-jamesonii.html,2025-07-26
https://terrawhisper.com/herbs/hovenia-dulcis/medicine/benefits.html,2025-07-26
https://terrawhisper.com/herbs/maranta-arundinacea/medicine/precautions.html,2025-07-26
https://terrawhisper.com/herbs/vincetoxicum-alatum.html,2025-07-26
https://terrawhisper.com/herbs/rhinerrhiza-divitiflora.html,2025-07-26
https://terrawhisper.com/herbs/ochagavia-lindleyana.html,2025-07-26
https://terrawhisper.com/herbs/cystanthe-pandanifolia.html,2025-07-25
https://terrawhisper.com/herbs/solidago-canadensis/medicine/benefits.html,2025-07-25
https://terrawhisper.com/herbs/stemmacantha-inermis.html,2025-07-25
https://terrawhisper.com/herbs/cleisostoma-filiforme.html,2025-07-25
https://terrawhisper.com/herbs/padus-lusitanica.html,2025-07-25
https://terrawhisper.com/herbs/aichryson-villosum.html,2025-07-25
https://terrawhisper.com/herbs/aloysia-citrodora/medicine/constituents.html,2025-07-25
https://terrawhisper.com/herbs/myrosma-setosa.html,2025-07-25
https://terrawhisper.com/herbs/homalocenchrus-lenticularis.html,2025-07-25
https://terrawhisper.com/herbs/potentilla-brachyloba.html,2025-07-25
https://terrawhisper.com/herbs/comanthosphace-dependens.html,2025-07-25
https://terrawhisper.com/herbs/thymophylla-concinna.html,2025-07-25
https://terrawhisper.com/herbs/odontochilus-serriformis.html,2025-07-25
https://terrawhisper.com/herbs/zephyranthes-araguaiensis.html,2025-07-25
https://terrawhisper.com/herbs/mariscus-viridis.html,2025-07-25
https://terrawhisper.com/herbs/vanda-sanderiana.html,2025-07-25
https://terrawhisper.com/herbs/jambosa-rotundifolia.html,2025-07-25
https://terrawhisper.com/herbs/seseli-annuum/medicine/constituents.html,2025-07-25
https://terrawhisper.com/herbs/boberella-pubescens.html,2025-07-25
https://terrawhisper.com/herbs/dortmanna-succulenta.html,2025-07-25
https://terrawhisper.com/herbs/gaultheria-procumbens/medicine/benefits.html,2025-07-25
https://terrawhisper.com/herbs/aegialina-tenuis.html,2025-07-25
https://terrawhisper.com/herbs/schubertia-longiflora.html,2025-07-25
https://terrawhisper.com/herbs/amaranthus-hypochondriacus/medicine/side-effects.html,2025-07-25
https://terrawhisper.com/herbs/elettaria-cardamomum/medicine/constituents.html,2025-07-25
https://terrawhisper.com/herbs/erythranthe-depressa.html,2025-07-25
https://terrawhisper.com/herbs/gaultheria-rigidifolia.html,2025-07-25
https://terrawhisper.com/herbs/ligularia-dentata.html,2025-07-25
https://terrawhisper.com/herbs/senna-alexandrina/medicine/benefits.html,2025-07-25
https://terrawhisper.com/herbs/sarcinula-brighamii.html,2025-07-25
https://terrawhisper.com/herbs/curcuma-campanulata.html,2025-07-25
https://terrawhisper.com/herbs/neotorularia-afghanica.html,2025-07-25
https://terrawhisper.com/herbs/rubus-fruticosus/medicine/precautions.html,2025-07-25
https://terrawhisper.com/herbs/mitesia-punctata.html,2025-07-25
https://terrawhisper.com/herbs/convolvulus-pennatus.html,2025-07-25
https://terrawhisper.com/herbs/magnolia-xianianhei.html,2025-07-25
https://terrawhisper.com/herbs/neisosperma-glomeratum.html,2025-07-25
https://terrawhisper.com/herbs/hesperis-obovata.html,2025-07-25
https://terrawhisper.com/herbs/×-serapicamptis-garbariorum.html,2025-07-25
https://terrawhisper.com/herbs/tabebuia-rosea/medicine/constituents.html,2025-07-25
https://terrawhisper.com/herbs/chamaemelum-nobilis.html,2025-07-25
https://terrawhisper.com/herbs/melaleuca-cajuputi/medicine/precautions.html,2025-07-25
https://terrawhisper.com/herbs/taraxacum-palustre/medicine/benefits.html,2025-07-25
https://terrawhisper.com/herbs/lemna-minor/medicine/constituents.html,2025-07-25
https://terrawhisper.com/herbs/senegalia-kunmingensis.html,2025-07-25
https://terrawhisper.com/herbs/cymbopogon-nardus/medicine/constituents.html,2025-07-25
https://terrawhisper.com/herbs/ritterocactus-rutilans.html,2025-07-25
https://terrawhisper.com/herbs/tagetes-lucida/medicine/side-effects.html,2025-07-25
https://terrawhisper.com/herbs/buddleja-asiatica/medicine/benefits.html,2025-07-25
https://terrawhisper.com/herbs/rumex-acetosa/medicine/side-effects.html,2025-07-25
https://terrawhisper.com/herbs/alocasia-brancifolia.html,2025-07-25
https://terrawhisper.com/herbs/protea-leucoblepharis.html,2025-07-25
https://terrawhisper.com/herbs/mohria-marginalis.html,2025-07-25
https://terrawhisper.com/herbs/orthosia-aphylla.html,2025-07-25
https://terrawhisper.com/herbs/pseudorchis-albida.html,2025-07-25
https://terrawhisper.com/herbs/orthosiphon-aristata/medicine/benefits.html,2025-07-25
https://terrawhisper.com/herbs/aegle-marmelos/medicine/benefits.html,2025-07-25
https://terrawhisper.com/herbs/helenium-apterum.html,2025-07-25
https://terrawhisper.com/herbs/chusquea-angusta.html,2025-07-25
https://terrawhisper.com/herbs/dianthus-superbus/medicine/benefits.html,2025-07-25
https://terrawhisper.com/herbs/lastrea-melanosticta.html,2025-07-25
https://terrawhisper.com/herbs/whitfordiodendron-erianthum.html,2025-07-25
https://terrawhisper.com/herbs/uragoga-schuechiana.html,2025-07-25
https://terrawhisper.com/herbs/polypodium-grandidentatum.html,2025-07-25
https://terrawhisper.com/herbs/acrostichum-scandens.html,2025-07-25
https://terrawhisper.com/herbs/piofontia-inesiana.html,2025-07-25
https://terrawhisper.com/herbs/mesosphaerum-diffusum.html,2025-07-25
https://terrawhisper.com/herbs/linosyris-thunbergiana.html,2025-07-25
https://terrawhisper.com/herbs/morinda-officinalis/medicine/constituents.html,2025-07-25
https://terrawhisper.com/herbs/stereochilus-dalatensis.html,2025-07-25
https://terrawhisper.com/herbs/agropyron-pseudoagropyrum.html,2025-07-25
https://terrawhisper.com/herbs/callerya-eriantha.html,2025-07-25
https://terrawhisper.com/herbs/sideritis-montana/medicine/constituents.html,2025-07-25
https://terrawhisper.com/herbs/crepinella-auyantepuiensis.html,2025-07-25
https://terrawhisper.com/herbs/euploca-dunaensis.html,2025-07-25
https://terrawhisper.com/herbs/exogonium-purga.html,2025-07-25
https://terrawhisper.com/herbs/vinca-rosea/medicine/constituents.html,2025-07-25
https://terrawhisper.com/herbs/paracaryum-glochidiatum.html,2025-07-25
https://terrawhisper.com/herbs/lastrea-subnigra.html,2025-07-25
https://terrawhisper.com/herbs/darcya-mutisii.html,2025-07-25
https://terrawhisper.com/herbs/gouldia-scleroticta.html,2025-07-25
https://terrawhisper.com/herbs/picea-mariana/medicine.html,2025-07-25
https://terrawhisper.com/herbs/aristolochia-clematitis/medicine/benefits.html,2025-07-25
https://terrawhisper.com/herbs/eurygania-melliflora.html,2025-07-25
https://terrawhisper.com/herbs/rhamnus-frangula/medicine/constituents.html,2025-07-25
https://terrawhisper.com/herbs/seselinia-elata.html,2025-07-25
https://terrawhisper.com/herbs/aristolochia-manshuriensis/medicine/side-effects.html,2025-07-25
https://terrawhisper.com/herbs/oncidium-lehmannianum.html,2025-07-25
https://terrawhisper.com/herbs/acacia-foetida.html,2025-07-25
https://terrawhisper.com/herbs/ptychopetalum-olacoides/medicine/constituents.html,2025-07-25
https://terrawhisper.com/herbs/callitris-pyramidalis.html,2025-07-25
https://terrawhisper.com/herbs/osteospermum-moniliferum/medicine/benefits.html,2025-07-25
https://terrawhisper.com/herbs/jasminum-sambac/medicine/constituents.html,2025-07-25
https://terrawhisper.com/herbs/agastache-rugosa/medicine/constituents.html,2025-07-25
https://terrawhisper.com/herbs/pimpinella-major/medicine/constituents.html,2025-07-25
https://terrawhisper.com/herbs/arisaema-amurense/medicine/constituents.html,2025-07-25
https://terrawhisper.com/herbs/huperzia-serrata/medicine/benefits.html,2025-07-25
https://terrawhisper.com/herbs/piper-cubeba/medicine/constituents.html,2025-07-25
https://terrawhisper.com/herbs/veratrum-viride/medicine/precautions.html,2025-07-25
https://terrawhisper.com/herbs/pinus-sylvestris/medicine/benefits.html,2025-07-25
https://terrawhisper.com/herbs/astragalus-afghanicus.html,2025-07-25
https://terrawhisper.com/herbs/azalea-cumberlandensis.html,2025-07-25
https://terrawhisper.com/herbs/banksia-undata.html,2025-07-25
https://terrawhisper.com/herbs/encyclia-chacaoensis.html,2025-07-25
https://terrawhisper.com/herbs/rumex-crispus/medicine/constituents.html,2025-07-25
https://terrawhisper.com/herbs/cymbidiella-flabellata.html,2025-07-25
https://terrawhisper.com/herbs/aylostera-major.html,2025-07-25
https://terrawhisper.com/herbs/menyanthes-trifoliata/medicine/benefits.html,2025-07-25
https://terrawhisper.com/herbs/sanguisorba-minor/medicine/benefits.html,2025-07-25
https://terrawhisper.com/herbs/erythrina-variegata/medicine/benefits.html,2025-07-25
https://terrawhisper.com/herbs/allium-cepa/medicine/benefits.html,2025-07-25
https://terrawhisper.com/herbs/kickxia-graeca.html,2025-07-25
https://terrawhisper.com/herbs/semnostachya-longespicatus.html,2025-07-25
https://terrawhisper.com/herbs/pentaraphia-mimuloides.html,2025-07-25
https://terrawhisper.com/herbs/serenoa-repens/medicine/benefits.html,2025-07-25
https://terrawhisper.com/herbs/magnolia-grandiflora/medicine/benefits.html,2025-07-25
https://terrawhisper.com/herbs/campanopsis-graminifolia.html,2025-07-25
https://terrawhisper.com/herbs/lavandula-angustifolia/medicine/benefits.html,2025-07-25
https://terrawhisper.com/herbs/cornus-sanguinea/medicine/constituents.html,2025-07-25
https://terrawhisper.com/herbs/calamagrostis-plebeia.html,2025-07-25
https://terrawhisper.com/herbs/musa-acuminata/medicine/benefits.html,2025-07-25
https://terrawhisper.com/herbs/peumus-boldus/medicine/constituents.html,2025-07-25
https://terrawhisper.com/herbs/chamaemelum-nobilis/medicine/constituents.html,2025-07-25
https://terrawhisper.com/herbs/aphanochilus-rugulosus.html,2025-07-25
https://terrawhisper.com/herbs/apium-graveolens/medicine/constituents.html,2025-07-25
https://terrawhisper.com/herbs/marrubium-peregrinum/medicine/constituents.html,2025-07-25
https://terrawhisper.com/herbs/pleopeltis-tico.html,2025-07-25
https://terrawhisper.com/herbs/capsella-druceana.html,2025-07-25
https://terrawhisper.com/herbs/mosiera-munizii.html,2025-07-25
https://terrawhisper.com/herbs/valerianoides-sanguinea.html,2025-07-25
https://terrawhisper.com/herbs/tamonea-arabica.html,2025-07-25
https://terrawhisper.com/herbs/rosa-x-rugosa.html,2025-07-25
https://terrawhisper.com/herbs/retama-raetam.html,2025-07-25
https://terrawhisper.com/herbs/piper-longum/medicine/constituents.html,2025-07-25
https://terrawhisper.com/herbs/selinum-peucedanoides.html,2025-07-25
https://terrawhisper.com/herbs/zehneria-lancifolia.html,2025-07-25
https://terrawhisper.com/herbs/senecio-gawlerensis.html,2025-07-25
https://terrawhisper.com/herbs/stigmatodon-bifidus.html,2025-07-25
https://terrawhisper.com/herbs/centropetalum-myrtillus.html,2025-07-25
https://terrawhisper.com/herbs/cedrus-atlantica/medicine/constituents.html,2025-07-25
https://terrawhisper.com/herbs/pfaffia-paniculata/medicine/side-effects.html,2025-07-25
https://terrawhisper.com/herbs/petunga-roxburghii.html,2025-07-25
https://terrawhisper.com/herbs/crocus-sativus/medicine/constituents.html,2025-07-25
https://terrawhisper.com/herbs/phoenicanthemum-obtusatum.html,2025-07-25
https://terrawhisper.com/herbs/alcea-digitata/medicine/benefits.html,2025-07-25
https://terrawhisper.com/herbs/placus-purpurascens.html,2025-07-25
https://terrawhisper.com/herbs/ophiorrhiza-repens.html,2025-07-25
https://terrawhisper.com/herbs/datisca-glomerata.html,2025-07-25
https://terrawhisper.com/herbs/saguaster-ambiguus.html,2025-07-25
https://terrawhisper.com/herbs/solanum-dulcamara/medicine/constituents.html,2025-07-25
https://terrawhisper.com/herbs/isoglossa-angusta.html,2025-07-25
https://terrawhisper.com/herbs/uvularia-lanuginosa.html,2025-07-25
https://terrawhisper.com/herbs/mammea-odorata.html,2025-07-25
https://terrawhisper.com/herbs/×-cuprocyparis-leylandii.html,2025-07-25
https://terrawhisper.com/herbs/calcearia-mirabilis.html,2025-07-25
https://terrawhisper.com/herbs/falcata-ovalifolia.html,2025-07-25
https://terrawhisper.com/herbs/pyrus-genitana.html,2025-07-25
https://terrawhisper.com/herbs/betula-lenta/medicine/preparations.html,2025-07-25
https://terrawhisper.com/herbs/arenaria-rubra/medicine/constituents.html,2025-07-25
https://terrawhisper.com/herbs/hebanthe-vaga.html,2025-07-25
https://terrawhisper.com/herbs/drimia-pellabergensis.html,2025-07-25
https://terrawhisper.com/herbs/avena-sativa/medicine/constituents.html,2025-07-25
https://terrawhisper.com/herbs/alsophila-macropoda.html,2025-07-25
https://terrawhisper.com/herbs/euphorbia-pulcherrima/medicine/constituents.html,2025-07-25
https://terrawhisper.com/herbs/tanacetum-annuum.html,2025-07-25
https://terrawhisper.com/herbs/karatas-ampullacea.html,2025-07-25
https://terrawhisper.com/herbs/pyrus-reflexipetala.html,2025-07-25
https://terrawhisper.com/herbs/coccinia-grandis.html,2025-07-25
https://terrawhisper.com/herbs/fucus-vesiculosus/medicine/constituents.html,2025-07-25
https://terrawhisper.com/herbs/orobanche-amurensis.html,2025-07-25
https://terrawhisper.com/herbs/aristolochia-fimbriata.html,2025-07-25
https://terrawhisper.com/herbs/rhododendron-makinoi.html,2025-07-25
https://terrawhisper.com/herbs/hymenostephium-guatemalense.html,2025-07-25
https://terrawhisper.com/herbs/schefflera-aromatica.html,2025-07-25
https://terrawhisper.com/herbs/amphirhapis-peduncularis.html,2025-07-25
https://terrawhisper.com/herbs/clusia-engleriana.html,2025-07-25
https://terrawhisper.com/herbs/pleurolobus-canadensis.html,2025-07-25
https://terrawhisper.com/herbs/carduus-inermis.html,2025-07-25
https://terrawhisper.com/herbs/eriogynia-caespitosa.html,2025-07-25
https://terrawhisper.com/herbs/cassia-senna/medicine/constituents.html,2025-07-25
https://terrawhisper.com/herbs/cypella-opalina.html,2025-07-25
https://terrawhisper.com/herbs/pterostylis-collina.html,2025-07-25
https://terrawhisper.com/herbs/piper-commutatum.html,2025-07-25
https://terrawhisper.com/herbs/penstemon-thompsoniae.html,2025-07-25
https://terrawhisper.com/herbs/rosa-aunisiensis.html,2025-07-25
https://terrawhisper.com/herbs/elaeagnus-angustifolia.html,2025-07-25
https://terrawhisper.com/herbs/equisetum-arvense/medicine/constituents.html,2025-07-25
https://terrawhisper.com/herbs/montia-perfoliata/medicine/benefits.html,2025-07-25
https://terrawhisper.com/herbs/bradburya-triquetra.html,2025-07-25
https://terrawhisper.com/herbs/andropogon-blakei.html,2025-07-25
https://terrawhisper.com/herbs/myrica-chevalieri.html,2025-07-25
https://terrawhisper.com/herbs/galium-mollugo/medicine/constituents.html,2025-07-25
https://terrawhisper.com/herbs/codiaeum-illustre.html,2025-07-25
https://terrawhisper.com/herbs/commiphora-myrrha.html,2025-07-25
https://terrawhisper.com/herbs/schefflera-bodinieri.html,2025-07-25
https://terrawhisper.com/herbs/taurantha-collina.html,2025-07-25
https://terrawhisper.com/herbs/oerstedianthus-tuerckheimii.html,2025-07-25
https://terrawhisper.com/herbs/berberis-vulgaris/medicine/benefits.html,2025-07-25
https://terrawhisper.com/herbs/gymnosporia-gurueensis.html,2025-07-25
https://terrawhisper.com/herbs/echioglossum-williamsonii.html,2025-07-25
https://terrawhisper.com/herbs/shorea-selanica.html,2025-07-25
https://terrawhisper.com/herbs/stachys-lavandulifolia/medicine/benefits.html,2025-07-25
https://terrawhisper.com/herbs/piper-methysticum/medicine/constituents.html,2025-07-25
https://terrawhisper.com/herbs/peristrophe-bicalyculata.html,2025-07-25
https://terrawhisper.com/herbs/stellaster-spathaceus.html,2025-07-25
https://terrawhisper.com/herbs/aspidium-punctulatum.html,2025-07-25
https://terrawhisper.com/herbs/luxemburgia-glazioviana.html,2025-07-25
https://terrawhisper.com/herbs/euteline-germanica.html,2025-07-25
https://terrawhisper.com/herbs/cyclophyllum-sagittatum.html,2025-07-25
https://terrawhisper.com/herbs/cypripedium-x-io.html,2025-07-25
https://terrawhisper.com/herbs/echium-plantagineum.html,2025-07-25
https://terrawhisper.com/herbs/acer-saccharinum.html,2025-07-25
https://terrawhisper.com/herbs/hargasseria-occidentalis.html,2025-07-25
https://terrawhisper.com/herbs/pilea-multiflora.html,2025-07-25
https://terrawhisper.com/herbs/parosela-seemanii.html,2025-07-25
https://terrawhisper.com/herbs/euphorbia-peplus/medicine/benefits.html,2025-07-25
https://terrawhisper.com/herbs/agrimonia-pilosa/medicine/side-effects.html,2025-07-25
https://terrawhisper.com/herbs/combretum-eriopetalum.html,2025-07-25
https://terrawhisper.com/herbs/andreettaea-intonsa.html,2025-07-25
https://terrawhisper.com/herbs/stenocereus-aragonii.html,2025-07-25
https://terrawhisper.com/herbs/helianthus-annuus/medicine/benefits.html,2025-07-25
https://terrawhisper.com/herbs/macadamia-ternifolia/medicine/benefits.html,2025-07-25
https://terrawhisper.com/herbs/tragacantha-ovallensis.html,2025-07-25
https://terrawhisper.com/herbs/cyphostemma-knittelii.html,2025-07-25
https://terrawhisper.com/herbs/freziera-lancifolia.html,2025-07-25
https://terrawhisper.com/herbs/pappostipa-mapuche.html,2025-07-25
https://terrawhisper.com/herbs/uragoga-subrufa.html,2025-07-25
https://terrawhisper.com/herbs/cyrtochilum-grandiflorum.html,2025-07-25
https://terrawhisper.com/herbs/kaukenia-elengi.html,2025-07-25
https://terrawhisper.com/herbs/lepidogrammitis-diversa.html,2025-07-25
https://terrawhisper.com/herbs/rhus-chinensis.html,2025-07-25
https://terrawhisper.com/herbs/ceropegia-cummingii.html,2025-07-25
https://terrawhisper.com/herbs/cinnamomum-camphora/medicine/benefits.html,2025-07-25
https://terrawhisper.com/herbs/acer-saccharinum/medicine/benefits.html,2025-07-25
https://terrawhisper.com/herbs/trichosanthes-kirilowii.html,2025-07-25
https://terrawhisper.com/herbs/chamaesyce-exstipulata.html,2025-07-25
https://terrawhisper.com/herbs/cyperus-meyenianus.html,2025-07-25
https://terrawhisper.com/herbs/ixora-pseudoamboinica.html,2025-07-25
https://terrawhisper.com/herbs/hemidesmus-indicus/medicine/benefits.html,2025-07-25
https://terrawhisper.com/herbs/podocarpus-pilgeri.html,2025-07-25
https://terrawhisper.com/herbs/isatis-tinctoria.html,2025-07-25
https://terrawhisper.com/herbs/clematis-umbrosa.html,2025-07-25
https://terrawhisper.com/herbs/dendrotrophe-philippinensis.html,2025-07-25
https://terrawhisper.com/herbs/cyrtopera-milnei.html,2025-07-25
https://terrawhisper.com/herbs/racosperma-ridleyanum.html,2025-07-25
https://terrawhisper.com/herbs/dimerostemma-humboldtianum.html,2025-07-25
https://terrawhisper.com/herbs/asparagus-cochinchinensis/medicine/benefits.html,2025-07-25
https://terrawhisper.com/herbs/phragmites-australis/medicine/constituents.html,2025-07-25
https://terrawhisper.com/herbs/acrostichum-punctulatum.html,2025-07-25
https://terrawhisper.com/herbs/nerium-oleander/medicine/constituents.html,2025-07-25
https://terrawhisper.com/herbs/thelypteris-parksii.html,2025-07-25
https://terrawhisper.com/herbs/ataccia-integrifolia.html,2025-07-25
https://terrawhisper.com/herbs/lomatium-dissectum/medicine/benefits.html,2025-07-25
https://terrawhisper.com/herbs/berberis-aquifolium/medicine/precautions.html,2025-07-25
https://terrawhisper.com/herbs/sisyrolepis-muricata.html,2025-07-25
https://terrawhisper.com/herbs/tapinostemma-arabicum.html,2025-07-25
https://terrawhisper.com/herbs/hoodia-gordonii/medicine/benefits.html,2025-07-25
https://terrawhisper.com/herbs/muhlenbergia-tenuiflora.html,2025-07-25
https://terrawhisper.com/herbs/dalea-leporina.html,2025-07-25
https://terrawhisper.com/herbs/pseudotsuga-menziesii.html,2025-07-25
https://terrawhisper.com/herbs/pulsatilla-chinensis/medicine/benefits.html,2025-07-25
https://terrawhisper.com/herbs/veratrum-grandiflorum.html,2025-07-25
https://terrawhisper.com/herbs/saraca-asoca.html,2025-07-25
https://terrawhisper.com/herbs/prunus-persica/medicine/benefits.html,2025-07-25
https://terrawhisper.com/herbs/corallodendron-abyssinicum.html,2025-07-25
https://terrawhisper.com/herbs/patagonium-aegiceras.html,2025-07-25
https://terrawhisper.com/herbs/astragalus-kamtschaticus.html,2025-07-25
https://terrawhisper.com/herbs/stoibrax-hanotei.html,2025-07-25
https://terrawhisper.com/herbs/cuscuta-reflexa.html,2025-07-25
https://terrawhisper.com/herbs/phalangium-nutans.html,2025-07-25
https://terrawhisper.com/herbs/lespedeza-capitata/medicine/side-effects.html,2025-07-25
https://terrawhisper.com/herbs/echinacea-purpurea/medicine/constituents.html,2025-07-25
https://terrawhisper.com/herbs/hedlundia-hornadensis.html,2025-07-25
https://terrawhisper.com/herbs/castanea-sativa/medicine/benefits.html,2025-07-25
https://terrawhisper.com/herbs/adhatoda-acuminata.html,2025-07-25
https://terrawhisper.com/herbs/citrus-limon/medicine/benefits.html,2025-07-25
https://terrawhisper.com/herbs/rubus-fruticosus/medicine/constituents.html,2025-07-25
https://terrawhisper.com/herbs/iria-aphylla.html,2025-07-25
https://terrawhisper.com/herbs/racosperma-hemignostum.html,2025-07-25
https://terrawhisper.com/herbs/linaria-elatine.html,2025-07-25
https://terrawhisper.com/herbs/micromeria-graeca.html,2025-07-25
https://terrawhisper.com/herbs/eriobotrya-japonica/medicine/constituents.html,2025-07-25
https://terrawhisper.com/herbs/madhuca-longifolia/medicine/constituents.html,2025-07-25
https://terrawhisper.com/herbs/parsonsia-rheedei.html,2025-07-25
https://terrawhisper.com/herbs/centella-asiatica/medicine/constituents.html,2025-07-25
https://terrawhisper.com/herbs/pleioblastus-dolichanthus.html,2025-07-25
https://terrawhisper.com/herbs/fagus-sylvatica/medicine/precautions.html,2025-07-25
https://terrawhisper.com/herbs/cyphostigma-serpentinum.html,2025-07-25
https://terrawhisper.com/herbs/zephyranthes-smallii.html,2025-07-25
https://terrawhisper.com/remedies/integumentary-system/bleeding-gums.html,2025-07-25
https://terrawhisper.com/herbs/desmidorchis-decaisneana.html,2025-07-25
https://terrawhisper.com/herbs/tinus-moonii.html,2025-07-25
https://terrawhisper.com/herbs/humboltia-clandestina.html,2025-07-25
https://terrawhisper.com/herbs/diplazium-wheeleri.html,2025-07-25
https://terrawhisper.com/herbs/calacinum-australis.html,2025-07-25
https://terrawhisper.com/herbs/persicaria-belophylla.html,2025-07-25
https://terrawhisper.com/herbs/ajuga-reptans/medicine/constituents.html,2025-07-25
https://terrawhisper.com/herbs/vitex-negundo/medicine/benefits.html,2025-07-25
https://terrawhisper.com/herbs/crateva-magna/medicine/precautions.html,2025-07-25
https://terrawhisper.com/herbs/trimezia-striata.html,2025-07-25
https://terrawhisper.com/herbs/pseuduvaria-oxycarpa.html,2025-07-25
https://terrawhisper.com/herbs/prunus-spinosa/medicine/constituents.html,2025-07-25
https://terrawhisper.com/herbs/vazquezella-equitans.html,2025-07-25
https://terrawhisper.com/remedies/integumentary-system/red-eyes.html,2025-07-25
https://terrawhisper.com/herbs/cicer-arietinum/medicine/benefits.html,2025-07-25
https://terrawhisper.com/herbs/byttneria-paraguayensis.html,2025-07-25
https://terrawhisper.com/herbs/geranium-wilfordii/medicine/constituents.html,2025-07-25
https://terrawhisper.com/herbs/aspidosperma-carapanauba.html,2025-07-25
https://terrawhisper.com/herbs/chromolaena-xestolepidoides.html,2025-07-25
https://terrawhisper.com/herbs/ecbolium-kirkianum.html,2025-07-25
https://terrawhisper.com/herbs/malapoenna-petiolata.html,2025-07-25
https://terrawhisper.com/herbs/henriettea-tovarensis.html,2025-07-25
https://terrawhisper.com/herbs/iridorkis-scyllae.html,2025-07-25
https://terrawhisper.com/herbs/damnacanthus-stenophyllus.html,2025-07-25
https://terrawhisper.com/herbs/scorzoneroides-×-jouffroyi.html,2025-07-25
https://terrawhisper.com/herbs/cleisostoma-hongkongense.html,2025-07-25
https://terrawhisper.com/herbs/monteverdia-wendtii.html,2025-07-25
https://terrawhisper.com/herbs/erucastrum-pachypodum.html,2025-07-25
https://terrawhisper.com/herbs/perilomia-gardoquioides.html,2025-07-25
https://terrawhisper.com/herbs/alhagi-maurorum/medicine/constituents.html,2025-07-25
https://terrawhisper.com/herbs/encyclia-inversa.html,2025-07-25
https://terrawhisper.com/herbs/cytisus-kunzeanus.html,2025-07-25
https://terrawhisper.com/herbs/panax-quinquefolius/medicine/benefits.html,2025-07-25
https://terrawhisper.com/herbs/alexitoxicon-schmalhausenii.html,2025-07-25
https://terrawhisper.com/herbs/palicourea-sclerophylla.html,2025-07-25
https://terrawhisper.com/herbs/elymus-repens/medicine/benefits.html,2025-07-25
https://terrawhisper.com/herbs/aquilegia-canadensis/medicine/benefits.html,2025-07-25
https://terrawhisper.com/herbs/magnolia-grandiflora.html,2025-07-25
https://terrawhisper.com/herbs/rhodiola-rosea/medicine/benefits.html,2025-07-25
https://terrawhisper.com/herbs/martynia-diandra.html,2025-07-25
https://terrawhisper.com/herbs/agrimonia-grandis.html,2025-07-25
https://terrawhisper.com/herbs/zataria-multiflora/medicine/precautions.html,2025-07-25
https://terrawhisper.com/herbs/codonopsis-lancifolia.html,2025-07-25
https://terrawhisper.com/herbs/solanum-melongena/medicine/benefits.html,2025-07-25
https://terrawhisper.com/herbs/erythrostemon-argentinus.html,2025-07-25
https://terrawhisper.com/herbs/lomelosia-austroaltaica.html,2025-07-25
https://terrawhisper.com/herbs/lindera-benzoin/medicine/benefits.html,2025-07-25
https://terrawhisper.com/herbs/piaranthus-geminatus.html,2025-07-25
https://terrawhisper.com/herbs/algernonia-amazonica.html,2025-07-25
https://terrawhisper.com/herbs/eremobium-longisiliquum.html,2025-07-25
https://terrawhisper.com/herbs/icacorea-angustifolia.html,2025-07-25
https://terrawhisper.com/herbs/catevala-glabrata.html,2025-07-25
https://terrawhisper.com/herbs/persea-fasciculata.html,2025-07-25
https://terrawhisper.com/herbs/campanula-benthamii.html,2025-07-25
https://terrawhisper.com/herbs/cardamine-subcarnosa.html,2025-07-25
https://terrawhisper.com/herbs/myrtus-aurantiifolia.html,2025-07-25
https://terrawhisper.com/herbs/taquara-colombiensis.html,2025-07-25
https://terrawhisper.com/herbs/cyrtochilum-×-monacranthum.html,2025-07-25
https://terrawhisper.com/herbs/porana-velutina.html,2025-07-25
https://terrawhisper.com/herbs/amorphophallus-konjac/medicine/benefits.html,2025-07-25
https://terrawhisper.com/herbs/coelogyne-clandestina.html,2025-07-25
https://terrawhisper.com/herbs/curcuma-longa/medicine/constituents.html,2025-07-25
https://terrawhisper.com/herbs/senna-obtusifolia/medicine/benefits.html,2025-07-25
https://terrawhisper.com/herbs/bauhinia-variegata/medicine/benefits.html,2025-07-25
https://terrawhisper.com/herbs/bulbostylis-conifera.html,2025-07-25
https://terrawhisper.com/herbs/corynostylis-veillonii.html,2025-07-25
https://terrawhisper.com/herbs/aspalathus-linearis/medicine/benefits.html,2025-07-25
https://terrawhisper.com/herbs/spergula-segetalis.html,2025-07-25
https://terrawhisper.com/remedies/musculoskeletal-system/knee-swelling.html,2025-07-25
https://terrawhisper.com/herbs/cuscuta-epithymum/medicine/constituents.html,2025-07-25
https://terrawhisper.com/herbs/teucrium-marum/medicine/constituents.html,2025-07-25
https://terrawhisper.com/herbs/botryophora-geniculata.html,2025-07-25
https://terrawhisper.com/herbs/ida-lata/medicine/constituents.html,2025-07-25
https://terrawhisper.com/herbs/gnaphalium-uliginosum/medicine/side-effects.html,2025-07-25
https://terrawhisper.com/herbs/pterocarpus-marsupium/medicine/benefits.html,2025-07-25
https://terrawhisper.com/herbs/ambrosia-artemisiifolia/medicine/constituents.html,2025-07-25
https://terrawhisper.com/herbs/pleurospermum-rupestre.html,2025-07-25
https://terrawhisper.com/herbs/maireana-coronata.html,2025-07-25
https://terrawhisper.com/herbs/vaccinium-vitis-idaea/medicine/constituents.html,2025-07-25
https://terrawhisper.com/herbs/premna-resinosa.html,2025-07-25
https://terrawhisper.com/herbs/saxifraga-platysepala.html,2025-07-25
https://terrawhisper.com/herbs/gongronemopsis-philippinensis.html,2025-07-25
https://terrawhisper.com/herbs/rubus-adornatus-microgene-billotii.html,2025-07-25
https://terrawhisper.com/herbs/haplostachys-linearifolia.html,2025-07-25
https://terrawhisper.com/herbs/magnolia-officinalis/medicine/side-effects.html,2025-07-25
https://terrawhisper.com/herbs/restio-clandestinus.html,2025-07-25
https://terrawhisper.com/herbs/populus-tremula/medicine/constituents.html,2025-07-25
https://terrawhisper.com/herbs/amorphophallus-konjac.html,2025-07-25
https://terrawhisper.com/herbs/hoffmannia-regalis.html,2025-07-25
https://terrawhisper.com/herbs/sambucus-canadensis/medicine/benefits.html,2025-07-25
https://terrawhisper.com/herbs/lawsonia-inermis/medicine/benefits.html,2025-07-25
https://terrawhisper.com/herbs/hydrangea-arborescens/medicine/benefits.html,2025-07-25
https://terrawhisper.com/herbs/rauvolfia-serpentina/medicine/benefits.html,2025-07-25
https://terrawhisper.com/herbs/shorea-squamata.html,2025-07-25
https://terrawhisper.com/herbs/sida-cordifolia/medicine/benefits.html,2025-07-25
https://terrawhisper.com/herbs/anthericum-simplex.html,2025-07-25
https://terrawhisper.com/herbs/vaccinium-ellipticum.html,2025-07-25
https://terrawhisper.com/herbs/taenitis-hosei.html,2025-07-25
https://terrawhisper.com/herbs/rhamnus-cathartica/medicine/constituents.html,2025-07-25
https://terrawhisper.com/herbs/feuilleea-daulensis.html,2025-07-25
https://terrawhisper.com/herbs/aleuritia-wilsonii.html,2025-07-25
https://terrawhisper.com/herbs/corydalis-turtschaninovii.html,2025-07-25
https://terrawhisper.com/herbs/kobresia-spartea.html,2025-07-25
https://terrawhisper.com/herbs/uragoga-hyptoides.html,2025-07-25
https://terrawhisper.com/herbs/solanum-tuberosum/medicine/constituents.html,2025-07-25
https://terrawhisper.com/herbs/medicago-sativa/medicine/benefits.html,2025-07-25
https://terrawhisper.com/herbs/endostemon-leucosphaerus.html,2025-07-25
https://terrawhisper.com/herbs/lablab-purpureus/medicine/benefits.html,2025-07-25
https://terrawhisper.com/herbs/stellaria-media/medicine/benefits.html,2025-07-25
https://terrawhisper.com/herbs/laportea-canadensis.html,2025-07-25
https://terrawhisper.com/herbs/eriosyce-chilensis.html,2025-07-25
https://terrawhisper.com/herbs/staurogyne-nitida.html,2025-07-25
https://terrawhisper.com/herbs/schiedeella-trilineata.html,2025-07-25
https://terrawhisper.com/herbs/acetosella-dumetorum.html,2025-07-25
https://terrawhisper.com/herbs/turnera-ulmifolia/medicine/benefits.html,2025-07-25
https://terrawhisper.com/herbs/chlaenobolus-spicatus.html,2025-07-25
https://terrawhisper.com/herbs/protea-salsoloides.html,2025-07-25
https://terrawhisper.com/herbs/pilea-hirtella.html,2025-07-25
https://terrawhisper.com/herbs/lonicera-periclymenum/medicine/constituents.html,2025-07-25
https://terrawhisper.com/herbs/crossandra-pilosa.html,2025-07-25
https://terrawhisper.com/herbs/verhuellia-cordifolia.html,2025-07-25
https://terrawhisper.com/herbs/papaver-rhoeas/medicine/benefits.html,2025-07-25
https://terrawhisper.com/herbs/tilia-cordata/medicine/benefits.html,2025-07-25
https://terrawhisper.com/herbs/microsorum-pteropus.html,2025-07-25
https://terrawhisper.com/herbs/achyrocline-satureioides/medicine/benefits.html,2025-07-25
https://terrawhisper.com/herbs/chascolytrum-brasiliense.html,2025-07-25
https://terrawhisper.com/herbs/hosta-lancifolia.html,2025-07-25
https://terrawhisper.com/herbs/myrsine-boulindaensis.html,2025-07-25
https://terrawhisper.com/herbs/hemionitis-wootonii.html,2025-07-25
https://terrawhisper.com/herbs/verbena-hirtella.html,2025-07-25
https://terrawhisper.com/herbs/astragalus-microphyllus.html,2025-07-25
https://terrawhisper.com/herbs/trophaeum-lechleri.html,2025-07-25
https://terrawhisper.com/herbs/campanopsis-hilsenbergii.html,2025-07-25
https://terrawhisper.com/herbs/watsonia-flavida.html,2025-07-25
https://terrawhisper.com/herbs/barkhausia-aspera.html,2025-07-25
https://terrawhisper.com/herbs/colysis-minor.html,2025-07-25
https://terrawhisper.com/herbs/alliaria-similis.html,2025-07-25
https://terrawhisper.com/herbs/justicia-adhatoda.html,2025-07-25
https://terrawhisper.com/herbs/rhysolepis-simsioides.html,2025-07-25
https://terrawhisper.com/herbs/pseudolysimachion-spurium.html,2025-07-25
https://terrawhisper.com/herbs/oxystophyllum-deliense.html,2025-07-25
https://terrawhisper.com/herbs/rhynchostele-aspersa.html,2025-07-25
https://terrawhisper.com/herbs/montiopsis-umbellata.html,2025-07-25
https://terrawhisper.com/herbs/castanopsis-hsiensiui.html,2025-07-25
https://terrawhisper.com/herbs/epitrachys-vulgaris.html,2025-07-25
https://terrawhisper.com/herbs/enckea-lata.html,2025-07-25
https://terrawhisper.com/herbs/dianthus-superbus/medicine/constituents.html,2025-07-25
https://terrawhisper.com/herbs/fagara-tragodes.html,2025-07-25
https://terrawhisper.com/herbs/callistanthos-roseoalbus.html,2025-07-25
https://terrawhisper.com/herbs/specklinia-quadrifida.html,2025-07-25
https://terrawhisper.com/herbs/gynochthodes-micrantha.html,2025-07-25
https://terrawhisper.com/herbs/matisia-dolichosiphon.html,2025-07-25
https://terrawhisper.com/herbs/opuntia-humifusa/medicine/benefits.html,2025-07-25
https://terrawhisper.com/herbs/gastrodia-elata/medicine/precautions.html,2025-07-25
https://terrawhisper.com/herbs/spermacoce-cataractarum.html,2025-07-25
https://terrawhisper.com/herbs/dendrophthora-lamprophylla.html,2025-07-25
https://terrawhisper.com/herbs/centranthus-kellereri.html,2025-07-25
https://terrawhisper.com/herbs/luffa-cylindrica/medicine/benefits.html,2025-07-25
https://terrawhisper.com/herbs/pimenta-officinalis/medicine/benefits.html,2025-07-25
https://terrawhisper.com/remedies/integumentary-system/oily-hair.html,2025-07-25
https://terrawhisper.com/herbs/solanum-lycopersicum/medicine/benefits.html,2025-07-25
https://terrawhisper.com/herbs/phyllorkis-nematopoda.html,2025-07-25
https://terrawhisper.com/herbs/palicourea-capitata.html,2025-07-25
https://terrawhisper.com/herbs/luzula-ulophylla.html,2025-07-25
https://terrawhisper.com/herbs/sorghum-nodulosum.html,2025-07-25
https://terrawhisper.com/herbs/retrophyllum-piresii.html,2025-07-25
https://terrawhisper.com/herbs/ligusticum-scoticum.html,2025-07-25
https://terrawhisper.com/herbs/dimorphanthes-coronopifolia.html,2025-07-25
https://terrawhisper.com/herbs/nephelea-concinna.html,2025-07-25
https://terrawhisper.com/herbs/cocos-elegantissima.html,2025-07-25
https://terrawhisper.com/herbs/zygosepalum-labiosum.html,2025-07-25
https://terrawhisper.com/herbs/opuntia-opuntia/medicine/benefits.html,2025-07-25
https://terrawhisper.com/herbs/phyllorkis-cornuta.html,2025-07-25
https://terrawhisper.com/herbs/acinodendron-rigidiusculum.html,2025-07-25
https://terrawhisper.com/herbs/tissa-leiosperma.html,2025-07-25
https://terrawhisper.com/herbs/fabiana-imbricata/medicine/benefits.html,2025-07-25
https://terrawhisper.com/herbs/margaritopsis-microdon.html,2025-07-25
https://terrawhisper.com/herbs/walsholaria-calcarea.html,2025-07-25
https://terrawhisper.com/herbs/ocotea-staminea.html,2025-07-25
https://terrawhisper.com/herbs/nebelia-aspera.html,2025-07-25
https://terrawhisper.com/herbs/atractylodes-macrocephala/medicine/benefits.html,2025-07-25
https://terrawhisper.com/herbs/tithymalus-squamigerus.html,2025-07-25
https://terrawhisper.com/herbs/cynodendron-ferrugineum.html,2025-07-25
https://terrawhisper.com/herbs/trachynotia-cynosuroides.html,2025-07-25
https://terrawhisper.com/herbs/microchilus-quadratus.html,2025-07-25
https://terrawhisper.com/herbs/erythronium-americanum/medicine/benefits.html,2025-07-25
https://terrawhisper.com/herbs/cyclopia-intermedia.html,2025-07-25
https://terrawhisper.com/herbs/aster-elongatus.html,2025-07-25
https://terrawhisper.com/herbs/dudleya-linearis.html,2025-07-25
https://terrawhisper.com/herbs/sloanea-laurifolia.html,2025-07-25
https://terrawhisper.com/herbs/echinalysium-strictum.html,2025-07-25
https://terrawhisper.com/herbs/drosera-roridula.html,2025-07-25
https://terrawhisper.com/herbs/crantziola.html,2025-07-25
https://terrawhisper.com/herbs/trichophorum-parvulum.html,2025-07-25
https://terrawhisper.com/herbs/hieracium-orthocladum.html,2025-07-25
https://terrawhisper.com/herbs/berberis-aquifolium/medicine/side-effects.html,2025-07-25
https://terrawhisper.com/herbs/vaccinium-versicolor.html,2025-07-25
https://terrawhisper.com/herbs/polypodium-decurrens.html,2025-07-25
https://terrawhisper.com/herbs/matricaria-discoidea/medicine/constituents.html,2025-07-25
https://terrawhisper.com/herbs/viola-violacea.html,2025-07-25
https://terrawhisper.com/herbs/platyopuntia-vulgaris.html,2025-07-25
https://terrawhisper.com/herbs/skeptrostachys-balanophorostachya.html,2025-07-25
https://terrawhisper.com/herbs/aeschynanthus-hosseusianus.html,2025-07-25
https://terrawhisper.com/herbs/cymbopogon-nardus/medicine/benefits.html,2025-07-25
https://terrawhisper.com/herbs/rubus-dumosus.html,2025-07-25
https://terrawhisper.com/herbs/eugenia-caryophyllata/medicine/side-effects.html,2025-07-25
https://terrawhisper.com/herbs/ammi-visnaga/medicine/constituents.html,2025-07-25
https://terrawhisper.com/herbs/platystyliparis-auriculifera.html,2025-07-25
https://terrawhisper.com/herbs/scutellaria-lateriflora/medicine/constituents.html,2025-07-25
https://terrawhisper.com/herbs/hypericum-hilaireanum.html,2025-07-25
https://terrawhisper.com/herbs/abutilon-speciosum.html,2025-07-25
https://terrawhisper.com/herbs/pholidota-carnea.html,2025-07-25
https://terrawhisper.com/herbs/begonia-glauca.html,2025-07-25
https://terrawhisper.com/herbs/tapinanthus-pentagonia.html,2025-07-25
https://terrawhisper.com/herbs/medusanthera-samoensis.html,2025-07-25
https://terrawhisper.com/herbs/maxillaria-olivacea.html,2025-07-25
https://terrawhisper.com/herbs/tridax-procumbens/medicine/benefits.html,2025-07-25
https://terrawhisper.com/herbs/rheum-rhaponticum/medicine/benefits.html,2025-07-25
https://terrawhisper.com/herbs/chirita-bracteosa.html,2025-07-25
https://terrawhisper.com/herbs/rhodophiala-elwesii.html,2025-07-25
https://terrawhisper.com/herbs/schiedeella-falcata.html,2025-07-25
https://terrawhisper.com/herbs/pandiaka-welwitschii.html,2025-07-25
https://terrawhisper.com/herbs/gonostemon-pallidus.html,2025-07-25
https://terrawhisper.com/herbs/fraxinus-excelsior/medicine/constituents.html,2025-07-25
https://terrawhisper.com/herbs/amparoa-aspersa.html,2025-07-25
https://terrawhisper.com/herbs/ceropegia-schoenlandiana.html,2025-07-25
https://terrawhisper.com/herbs/melandrium-griffithii.html,2025-07-25
https://terrawhisper.com/herbs/camunium-exoticum.html,2025-07-25
https://terrawhisper.com/herbs/senna-montana.html,2025-07-25
https://terrawhisper.com/herbs/desmocladus-confertospicatus.html,2025-07-25
https://terrawhisper.com/herbs/malva-sylvestris/medicine/side-effects.html,2025-07-25
https://terrawhisper.com/herbs/senecio-trifurcatus.html,2025-07-25
https://terrawhisper.com/herbs/selaginella-brasiliensis.html,2025-07-25
https://terrawhisper.com/herbs/citrus-reticulata/medicine/constituents.html,2025-07-25
https://terrawhisper.com/herbs/olea-europaea/medicine/constituents.html,2025-07-25
https://terrawhisper.com/herbs/haloragis-salsoloides.html,2025-07-25
https://terrawhisper.com/herbs/equisetum-hyemale/medicine/benefits.html,2025-07-25
https://terrawhisper.com/herbs/uraria-picta/medicine/constituents.html,2025-07-25
https://terrawhisper.com/herbs/hippeastrum-phycelloides.html,2025-07-25
https://terrawhisper.com/herbs/loasa-pterosperma.html,2025-07-25
https://terrawhisper.com/herbs/brassia-mendozae.html,2025-07-25
https://terrawhisper.com/herbs/stenandriopsis-warneckei.html,2025-07-25
https://terrawhisper.com/herbs/aralia-nudicaulis/medicine/constituents.html,2025-07-25
https://terrawhisper.com/herbs/atitara-leptoclona.html,2025-07-25
https://terrawhisper.com/herbs/rhodiola-concinna.html,2025-07-25
https://terrawhisper.com/herbs/lithospermum-erythrorhizon.html,2025-07-25
https://terrawhisper.com/herbs/senna-alexandrina/medicine/side-effects.html,2025-07-25
https://terrawhisper.com/herbs/carex-minor.html,2025-07-25
https://terrawhisper.com/herbs/verbena-hastata/medicine/benefits.html,2025-07-25
https://terrawhisper.com/herbs/astragalus-deanei.html,2025-07-25
https://terrawhisper.com/herbs/theobroma-cacao/medicine/benefits.html,2025-07-25
https://terrawhisper.com/herbs/ceratopteris-pteridoides.html,2025-07-25
https://terrawhisper.com/herbs/lobelia-erinus/medicine/constituents.html,2025-07-25
https://terrawhisper.com/herbs/blechnum-fernandezianum.html,2025-07-25
https://terrawhisper.com/herbs/marrubium-vulgare/medicine/benefits.html,2025-07-25
https://terrawhisper.com/herbs/rhus-aromatica/medicine/benefits.html,2025-07-25
https://terrawhisper.com/herbs/rubus-hibernicus.html,2025-07-25
https://terrawhisper.com/herbs/elaphoglossum-propinquum.html,2025-07-25
https://terrawhisper.com/herbs/polygonum-maculatum.html,2025-07-25
https://terrawhisper.com/herbs/anemone-pulsatilla/medicine/precautions.html,2025-07-25
https://terrawhisper.com/herbs/ruminia-hyemalis.html,2025-07-25
https://terrawhisper.com/remedies/musculoskeletal-system/jaw-pain.html,2025-07-25
https://terrawhisper.com/herbs/verbascum-decaisneanum.html,2025-07-25
https://terrawhisper.com/herbs/desmodium-adscendens/medicine/benefits.html,2025-07-25
https://terrawhisper.com/herbs/carduncellus-mitissimus.html,2025-07-25
https://terrawhisper.com/herbs/waldsteinia-ternata.html,2025-07-25
https://terrawhisper.com/herbs/baccharis-dracunculifolia.html,2025-07-25
https://terrawhisper.com/herbs/merremia-poranoides.html,2025-07-25
https://terrawhisper.com/herbs/primula-veris/medicine/precautions.html,2025-07-25
https://terrawhisper.com/herbs/ammoides-verticillata.html,2025-07-25
https://terrawhisper.com/herbs/dabanus-tomentosus.html,2025-07-25
https://terrawhisper.com/herbs/kalanchoe-pinnata/medicine/benefits.html,2025-07-25
https://terrawhisper.com/herbs/ligularia-cymbulifera.html,2025-07-25
https://terrawhisper.com/herbs/pistacia-vera/medicine/constituents.html,2025-07-25
https://terrawhisper.com/herbs/epidendrum-quitensium.html,2025-07-25
https://terrawhisper.com/herbs/rubus-idaeus/medicine.html,2025-07-25
https://terrawhisper.com/herbs/ziziphora-clinopodioides.html,2025-07-25
https://terrawhisper.com/herbs/cotyledon-desmetiana.html,2025-07-25
https://terrawhisper.com/herbs/ericoides-brachycentrum.html,2025-07-25
https://terrawhisper.com/herbs/apocynum-cannabinum/medicine/constituents.html,2025-07-25
https://terrawhisper.com/herbs/atractocarpus-tahitiensis.html,2025-07-25
https://terrawhisper.com/herbs/cystopteris-fragilis/medicine/constituents.html,2025-07-25
https://terrawhisper.com/herbs/ida-lata/medicine/benefits.html,2025-07-25
https://terrawhisper.com/herbs/trichomanes-omphalodes.html,2025-07-25
https://terrawhisper.com/herbs/ipomoea-purga/medicine/benefits.html,2025-07-25
https://terrawhisper.com/herbs/pleurothallis-mazei.html,2025-07-25
https://terrawhisper.com/herbs/prunus-spinosa/medicine/benefits.html,2025-07-25
https://terrawhisper.com/herbs/ornithogalum-umbellatum.html,2025-07-25
https://terrawhisper.com/herbs/chelidonium-majus/medicine/precautions.html,2025-07-25
https://terrawhisper.com/herbs/hypericum-olivieri.html,2025-07-25
https://terrawhisper.com/herbs/libanotis-gummifera.html,2025-07-25
https://terrawhisper.com/herbs/telosiphonia-lanuginosa.html,2025-07-25
https://terrawhisper.com/herbs/pleurospermum-delavayi.html,2025-07-25
https://terrawhisper.com/herbs/besseya-plantaginea.html,2025-07-25
https://terrawhisper.com/herbs/monopsis-gracilis.html,2025-07-25
https://terrawhisper.com/herbs/bletia-arizonica.html,2025-07-25
https://terrawhisper.com/herbs/trochocarpa-nubicola.html,2025-07-25
https://terrawhisper.com/herbs/convolvulus-duartinus.html,2025-07-25
https://terrawhisper.com/herbs/halostachys-nodulosa.html,2025-07-25
https://terrawhisper.com/herbs/milletta-reticulata/medicine/precautions.html,2025-07-25
https://terrawhisper.com/herbs/psychotria-grosourdyana.html,2025-07-25
https://terrawhisper.com/herbs/engelhardia-selanica.html,2025-07-25
https://terrawhisper.com/herbs/ocotea-semicompleta.html,2025-07-25
https://terrawhisper.com/herbs/ziziphora-clinopodioides/medicine/benefits.html,2025-07-25
https://terrawhisper.com/herbs/albizia-lebbeck.html,2025-07-25
https://terrawhisper.com/herbs/schefflera-angustissima.html,2025-07-25
https://terrawhisper.com/herbs/acacia-desmondii.html,2025-07-25
https://terrawhisper.com/herbs/pulsatilla-occidentalis.html,2025-07-25
https://terrawhisper.com/herbs/reholttumia-boridensis.html,2025-07-25
https://terrawhisper.com/herbs/hemionitis-multifida.html,2025-07-25
https://terrawhisper.com/herbs/hydrastis-canadensis/medicine/constituents.html,2025-07-25
https://terrawhisper.com/herbs/pueraria-mirifica.html,2025-07-25
https://terrawhisper.com/herbs/tapinanthus-kagehensis.html,2025-07-25
https://terrawhisper.com/herbs/eriosoriopsis-cycloloba.html,2025-07-25
https://terrawhisper.com/herbs/salvia-miltiorrhiza/medicine/precautions.html,2025-07-25
https://terrawhisper.com/herbs/petrosedum-×-elaverinum.html,2025-07-25
https://terrawhisper.com/herbs/polygonum-intramongolicum.html,2025-07-25
https://terrawhisper.com/herbs/abies-douglasii.html,2025-07-25
https://terrawhisper.com/herbs/argythamnia-polygama.html,2025-07-25
https://terrawhisper.com/herbs/gentianopsis-lutea.html,2025-07-25
https://terrawhisper.com/herbs/exochaenium-dimidiatum.html,2025-07-25
https://terrawhisper.com/herbs/rikliella-chinensis.html,2025-07-25
https://terrawhisper.com/herbs/mimosa-glaucescens.html,2025-07-25
https://terrawhisper.com/herbs/capparis-spinosa/medicine/precautions.html,2025-07-25
https://terrawhisper.com/herbs/gymnocondylus-galeopsifolius.html,2025-07-25
https://terrawhisper.com/herbs/casearia-panamensis.html,2025-07-25
https://terrawhisper.com/herbs/adenia-trisecta.html,2025-07-25
https://terrawhisper.com/herbs/hartogia-thunbergiana.html,2025-07-25
https://terrawhisper.com/herbs/tylecarpus-merrittii.html,2025-07-25
https://terrawhisper.com/herbs/erica-cordata.html,2025-07-25
https://terrawhisper.com/herbs/rhododendron-tubiforme.html,2025-07-25
https://terrawhisper.com/herbs/tetrasynandra-longipes.html,2025-07-25
https://terrawhisper.com/herbs/goniopteris-glochidiata.html,2025-07-25
https://terrawhisper.com/herbs/elymus-calcicola.html,2025-07-25
https://terrawhisper.com/herbs/gorteria-speciosa.html,2025-07-25
https://terrawhisper.com/herbs/tripterospermum-angustatum.html,2025-07-25
https://terrawhisper.com/herbs/lycopus-virginicus/medicine/preparations.html,2025-07-25
https://terrawhisper.com/herbs/crula-mandshurica.html,2025-07-25
https://terrawhisper.com/herbs/dracocephalum-alpinum.html,2025-07-25
https://terrawhisper.com/herbs/rapuntium-parvifolium.html,2025-07-25
https://terrawhisper.com/herbs/paloue-macrostachya.html,2025-07-25
https://terrawhisper.com/herbs/alysicarpus-procumbens.html,2025-07-25
https://terrawhisper.com/herbs/callista-treacheriana.html,2025-07-25
https://terrawhisper.com/herbs/sesbania-grandiflora.html,2025-07-25
https://terrawhisper.com/herbs/tetraclinis-articulata/medicine/constituents.html,2025-07-25
https://terrawhisper.com/herbs/uragoga-lupulina.html,2025-07-25
https://terrawhisper.com/herbs/liparis-hostifolia.html,2025-07-25
https://terrawhisper.com/herbs/silaus-alpestris.html,2025-07-25
https://terrawhisper.com/herbs/altensteinia-pterostyloides.html,2025-07-25
https://terrawhisper.com/herbs/lissochilus-arenicola.html,2025-07-25
https://terrawhisper.com/herbs/leichhardtia-papillosa.html,2025-07-25
https://terrawhisper.com/herbs/strophacanthus-collinus.html,2025-07-25
https://terrawhisper.com/herbs/crassula-sinclairii.html,2025-07-25
https://terrawhisper.com/herbs/derris-marginata.html,2025-07-25
https://terrawhisper.com/herbs/gaultheria-undata.html,2025-07-25
https://terrawhisper.com/herbs/anathallis-caroli.html,2025-07-25
https://terrawhisper.com/herbs/cananga-odorata/medicine/constituents.html,2025-07-25
https://terrawhisper.com/herbs/lepanthopsis-serrulata.html,2025-07-25
https://terrawhisper.com/herbs/jacmaia-multivenia.html,2025-07-25
https://terrawhisper.com/herbs/pterolepis-trichotoma.html,2025-07-25
https://terrawhisper.com/herbs/digitalis-lutea/medicine/constituents.html,2025-07-25
https://terrawhisper.com/herbs/citrus-x-limon/medicine/benefits.html,2025-07-25
https://terrawhisper.com/herbs/fimbristylis-thwaitesii.html,2025-07-25
https://terrawhisper.com/herbs/plectronia-ficiformis.html,2025-07-25
https://terrawhisper.com/herbs/satureja-spinosa.html,2025-07-25
https://terrawhisper.com/herbs/corydalis-yanhusuo/medicine/constituents.html,2025-07-25
https://terrawhisper.com/herbs/rubus-microstemon.html,2025-07-25
https://terrawhisper.com/herbs/corydalis-ternata/medicine/benefits.html,2025-07-25
https://terrawhisper.com/herbs/asparagopsis-adscendens.html,2025-07-25
https://terrawhisper.com/herbs/polypodium-serratifolium.html,2025-07-25
https://terrawhisper.com/herbs/ranunculus-bulbosus/medicine/benefits.html,2025-07-25
https://terrawhisper.com/herbs/onkerma-sphaerocarpa.html,2025-07-25
https://terrawhisper.com/herbs/homalosciadium-homalocarpum.html,2025-07-25
https://terrawhisper.com/herbs/zanthoxylum-piperitum.html,2025-07-25
https://terrawhisper.com/herbs/trichodiadema-introrsum.html,2025-07-25
https://terrawhisper.com/herbs/athysanus-pusillus.html,2025-07-25
https://terrawhisper.com/herbs/thalictrum-dioicum/medicine/benefits.html,2025-07-25
https://terrawhisper.com/herbs/psychotria-thonneri.html,2025-07-25
https://terrawhisper.com/herbs/euxolus-blitum.html,2025-07-25
https://terrawhisper.com/herbs/piptomeris-nematoclada.html,2025-07-25
https://terrawhisper.com/herbs/euphorbia-hypoleuca.html,2025-07-25
https://terrawhisper.com/herbs/pedicularis-densiflora/medicine/benefits.html,2025-07-25
https://terrawhisper.com/herbs/damapana-pycnantha.html,2025-07-25
https://terrawhisper.com/herbs/kohleria-bogotensis.html,2025-07-25
https://terrawhisper.com/herbs/loudetia-migiurtina.html,2025-07-25
https://terrawhisper.com/herbs/xanthium-strumarium/medicine/constituents.html,2025-07-25
https://terrawhisper.com/herbs/abrus-precatorius/medicine/benefits.html,2025-07-25
https://terrawhisper.com/herbs/conchocarpus-lilacinus.html,2025-07-25
https://terrawhisper.com/herbs/senecio-hohenackeri.html,2025-07-25